株式会社L&F,Webエンジニア,"千葉県 千葉市 千葉駅 バス6分                                                                                                                                                                    




千葉駅の求人
をすべて見る",年収550万円～800万円,19日前,paiza転職
株式会社アップリンク,Web系プログラマー・システムエンジニア 週休2日・残業無し,千葉県 柏市 南柏駅 徒歩1分,年収400万円～700万円,12日前,リクナビNEXT
株式会社WINNERS,社内SE／WEBエンジニア,千葉県 松戸市 北松戸駅 徒歩1分,月給24万円～50万円,公開していません,CAREECH
株式会社CSオートディーラー,プログラマー Webエンジニア!Webデザイナーを募集!出向なし!経験浅くても可能!残業なし!,千葉県 野田市,月給30万円～,公開していません,株式会社CSオートディーラー
株式会社スーパーゴールド,成長企業を支えるWEBエンジニア・ディレクターとして働いてみませんか,千葉県 船橋市 船橋駅 徒歩5分,月給25万円～,公開していません,かんたん応募
株式会社ライナロジクス,webエンジニア,千葉県 市川市 本八幡駅 徒歩1分,年収500万円～,公開していません,paiza転職
株式会社ケージェーシーソフトウェア,WEBサービス開発エンジニア,千葉県 千葉市 千葉中央駅,年収400万円～720万円,公開していません,doda
株式会社オニオン新聞社,WEBエンジニア,千葉県 千葉市 千葉駅 徒歩12分,月給28万円～,18時間前,ちばキャリ
ビズネクストジャパン株式会社,ITエンジニア WEBサービス・スマホアプリの設計／開発を担当,千葉県 千葉市 中央区,月給22万円～30万円,3日前,ビズネクストジャパン株式会社リクルーティング事業本部
株式会社フリージア,WEB系開発エンジニア,千葉県 松戸市 松戸駅 徒歩5分,月給19万円～45万円,12日前,ハローワーク松戸
株式会社エミューズ,WEBエンジニア ソーシャルゲーム開発など上流工程からの開発,千葉県 市川市 南行徳駅 徒歩15分,年収350万円～400万円,19日前,ベストマッチ
株式会社ルミテック,業務系Webシステムエンジニア,千葉県 柏市 柏駅 徒歩4分,"月給18万3,300円～36万9,000円",18時間前,ちばキャリ
株式会社プラウドスリー,ドキュメント管理Webアプリ開発エンジニア,千葉県 我孫子市 天王台駅,月給28万円～,5日前,株式会社プラウドスリー
グリーンカプセルコーポレーション株式会社,SE PHPを用いたWEBエンジニア,千葉県 千葉市 中央区,月給25万円～35万円,5日前,グリーンカプセルコーポレーション株式会社
VIVITA株式会社,Webフロントエンジニア,千葉県,"年収360万円～1,000万円",公開していません,VIVITA株式会社
株式会社ティー・エフ・シー,Webエンジニア,千葉県 大網白里市 大網駅 徒歩5分,月給25万円～50万円,公開していません,はたらくぞドットコム
株式会社アイアンドディハヤト,有料職業紹介要員 ソフトウェア開発エンジニア／Web・オープン系または制御系／独立系SI／千葉勤務,千葉県,月給30万円～54万円,5日前,株式会社アイアンドディハヤト
NEXTGATELiSMOtech株式会社,ITエンジニア・WEBエンジニア・プログラマー・システムエンジニア,千葉県 千葉市 海浜幕張駅,月給21万円～70万円,公開していません,NEXTGATELiSMOtech株式会社
Arche,Webデザイナー、UIエンジニア、一般事務,千葉県 船橋市 船橋駅 徒歩3分,"時給1,100円～1,300円",公開していません,Arche
インターリソース株式会社,Web系プログラマー・システムエンジニア,千葉県 我孫子市 我孫子駅 徒歩1分,月給22万円～30万円,公開していません,ハローワーク松戸
株式会社パトリオット,Web・オープン系エンジニア,千葉県 松戸市 新松戸駅 徒歩7分,"月給21万5,000円～34万円",公開していません,ハローワーク松戸
APEX株式会社,Webエンジニア経験者募集,千葉県 千葉市 千葉寺駅,"時給1,200円～2,600円",公開していません,APEX株式会社
NEXTGATE LiSMOtech株式会社,SE ITエンジニア／WEB系開発スキルをお持ちの方歓迎,千葉県 千葉市 美浜区,月給24万円～54万円,公開していません,NEXTGATE LiSMOtech株式会社
株式会社琉球スタイル,WEB広告・エンジニア・WEBデザイナー,千葉県 船橋市 船橋駅 徒歩5分,月給25万円～76万円,公開していません,株式会社琉球スタイル
株式会社ピーシー・ブレイン Pcbrain.Co...,Webデザイナー、コーダー、マークアップエンジニア,千葉県 松戸市 八柱駅 徒歩2分,"時給1,200円～",公開していません,"株式会社ピーシー・ブレイン Pcbrain.Co., Ltd"
有限会社イージャズ,WEBプログラマー、システムエンジニア,千葉県 松戸市 新松戸駅 徒歩5分,"時給1,200円～",公開していません,有限会社イージャズ
株式会社カナエル,海外LNG コンサルティング業務／ガス管工事／プラントエンジニアリング／WEB面談OK,千葉県 印西市,月給66万円～83万円,公開していません,株式会社カナエル
株式会社QVCジャパン,"Software Engineer, Information Technology",千葉県 千葉市 海浜幕張駅 徒歩3分,年収350万円～800万円,1日前,CREATIVE JOB
鈴木商店,言語不問 SE／PG／PMO募集 50代60代活躍中,千葉県 千葉市 海浜幕張駅 徒歩5分,月給50万円～,公開していません,かんたん応募
富士ソフトサービスビューロ株式会社,2023 新卒採用 各種ビジネスサービス・BPO,千葉県,"月給18万5,000円～19万2,500円",3日前,あさがくナビ2023
株式会社ネクスト・アクション,WEBデザイナー,千葉県 柏市 柏駅 徒歩7分,"時給1,200円～1,500円",公開していません,しゅふJOB
株式会社デザインファクトリー,東京ディズニーリゾート 関連のWebディレクター 土日休,千葉県 浦安市 新浦安駅 徒歩4分,"月給22万7,000円～30万7,000円",12日前,リクナビNEXT
株式会社オプスイン,WEBシステム開発 PL候補,千葉県,年収450万円～,9時間前,Green
石井食品株式会社,Webディレクター,千葉県 船橋市,年収490万円～640万円,21時間前,パソナキャリア
株式会社GOAT,ITエンジニア／前職給与保証／キャリアアップ保証／未経験も可,千葉県 松戸市 松戸駅 徒歩8分,月給25万円～70万円,公開していません,doda
業界売上シェア第1位の技術系人材サービス企業,アプリエンジニア,千葉県,年収400万円～800万円,2日前,type 転職エージェント
株式会社システムエグゼ,システム運用保守,千葉県 千葉市 千葉駅 徒歩2分,月給30万円～,19時間前,ちばキャリ
東日本NSソリューションズ株式会社,アプリケーションエンジニア ～世界最大規模の製鉄所を支えるエンジニア～,千葉県 富津市,公開していません,公開していません,マイナビAGENT
有限会社三友 東京23区、神奈川県、千葉県,プログラマ,千葉県 浦安市 浦安駅,"月給25万5,000円～",公開していません,有限会社三友
シビレ株式会社,東京ゲームショウの開催地で世の中にインパクトを与えるゲームをつくる,千葉県 千葉市 海浜幕張駅,月給25万円～60万円,公開していません,シビレ株式会社
株式会社Liberaware,アプリケーションエンジニア,千葉県 千葉市 中央区,年収600万円～800万円,公開していません,paiza転職
株式会社イーテクノロジー,ITエンジニア リモートあり／2カ月間の研修,千葉県 船橋市 西船橋駅,"月給18万4,000円～24万円",5日前,doda
株式会社Mamol,ITエンジニア,千葉県,"年収300万円～1,000万円",7日前,type
有限会社ATUMS,テリトリーマネージャー募集／未経験大歓迎／在宅勤務可／キャリアアップ有／人・組織ファーストの会社,千葉県,月給18万円～50万円,公開していません,かんたん応募
株式会社ナチュラルネットワーク,ITエンジニア,千葉県,月給30万円～55万円,6時間前,type
株式会社GYD,IT営業／未経験・フリーターOK ノルマなし 年休125日 残業月10h程度,千葉県 市川市 市川駅 徒歩5分,"月給22万円～46万2,500円",3日前,女の転職type
株式会社アスカ,Webプログラマー 未経験者歓迎／船橋本店,千葉県 船橋市,"月給20万9,000円～",3日前,かんたん応募
株式会社ALT,SE・PG／ネットワーク・エンジニア,千葉県 千葉市 花見川区,年収250万円～,7日前,マイベストジョブ
株式会社ティーエスフォート,Webディレクター,千葉県 千葉市 栄町駅 徒歩3分,月給25万円～,7日前,株式会社ティーエスフォート
株式会社WiZ,IT事務 PCスキルをつけて将来安定／在宅勤務あり／志望動機や自己PRは不要,千葉県,月給23万円～40万円,14日前,エン転職
エンジニアリング企業,一般事務!@姉ヶ崎,千葉県 市原市,"時給1,350円～1,400円",20日前,グローバルスタッフ お仕事情報
株式会社ASネットワークセキュリティ,システムエンジニア,千葉県 千葉市 海浜幕張駅 徒歩3分,月給20万円～,18時間前,ちばキャリ
ハイブリッドテクノロジー株式会社,開発エンジニア,千葉県 船橋市 北習志野駅 徒歩1分,月給20万円～,18時間前,ちばキャリ
株式会社ブリンクグループ,ITエンジニア,千葉県,月給23万円～,11日前,type
ヒューマンリレーションネクスト株式会社,ITエンジニア／経験者は年収UP保証 残業月平均9.7時間,千葉県 千葉市,月給28万円～64万円,4日前,リクナビNEXT
株式会社フジワーク,ITエンジニア／SE・システム開発、ネットワーク運用・保守,千葉県 千葉市,月給22万円～60万円,13日前,リクナビNEXT
イオンスマートテクノロジー株式会社,フロントエンドエンジニア,千葉県 千葉市 美浜区,年収500万円～590万円,4日前,doda
有限会社柳井工業,機械エンジニア ～残業削減可能／未資格者歓迎／転勤なし／急募～,千葉県 市原市,年収400万円～550万円,21日前,doda
株式会社エクステック,SE・プログラマ／東京23区内でのSESおよび大阪本社,千葉県,月給50万円,10日前,type
株式会社LUPINUS,web・オープン系,千葉県 千葉市 千葉駅 徒歩5分,月給25万円～60万円,10日前,WorkGate
株式会社パシフィックシステム,ITエンジニア／前職給与考慮／在宅勤務有／Web面接実施,千葉県,月給25万円～50万円,21日前,doda
株式会社ヘルスベイシス,「経験者歓迎／フリーランス」Laravel／AWSエンジニア 新規プラットフォーム開発案件,千葉県 千葉市 海浜幕張駅,月給60万円～70万円,18時間前,かんたん応募
株式会社RISING 千葉支部,未経験から成長できるシステムエンジニア,千葉県 千葉市 中央区,月給25万円～40万円,17日前,株式会社RISING
株式会社イーガオ,開発エンジニア,千葉県,年収350万円～,28日前,Green
株式会社Harvest Biz Career,インフラエンジニア,千葉県,"月給35万円～70万7,000円",18日前,type
株式会社ナレッジコミュニケーション,AIエンジニア,千葉県 市川市 南行徳駅 徒歩10分,月給23万円～,4日前,type
シェアジャパン株式会社,23年新卒者歓迎／PC研修からスタート!ITエンジニア・サポート業務,千葉県,月給18万円～,15時間前,かんたん応募
株式会社クオンテックス,初級WEB開発／インフラ運用 仕事への不安が強い方へ,千葉県 千葉市,月給25万円～,公開していません,リクナビNEXT
株式会社メモリアルアートの大野屋,新卒・第二新卒採用／事務・商品企画開発・システム等の「総合職」募集,千葉県 市川市 市川大野駅,"月給26万4,666円",公開していません,千葉県地域しごとNAVI
株式会社ITサポート,ITエンジニア,千葉県 船橋市 馬込沢駅 車7分,月給35万円～65万円,11日前,type
トランス・コスモス株式会社~プライム市場上場企業～,BIMエンジニア,千葉県,年収350万円～550万円,公開していません,doda
株式会社roar,ITエンジニア／創業2年／希望案件のアサインを営業力でお約束,千葉県,月給30万円～77万円,18日前,doda
株式会社Mind Ability,ITエンジニア／案件選択自由／単価公開／在宅案件／副業OK,千葉県,月給40万円～,公開していません,doda
株式会社フロンティア・システムソリューションズ,開発エンジニア 希望案件優先!全案件のうち8割が在宅勤務可!スキルUP・資格取得支援あり,千葉県,月給22万円～,公開していません,エン転職
株式会社ZOZO,MLOps エンジニア 機械学習／EC基盤本部／ZOZOグループの機械学習案件の基盤整備,千葉県 千葉市 西千葉駅,月給20万円,8日前,レバテックキャリア
株式会社千葉銀行,プロジェクトマネージャー,千葉県,"年収500万円～1,100万円",6日前,en ミドルの転職
イオンネクスト株式会社,ソリューションアーキテクト,千葉県 千葉市 海浜幕張駅 徒歩5分,月給40万円～,5日前,en ミドルの転職
株式会社コスモス,NWエンジニア @船橋,千葉県 船橋市 船橋駅 徒歩10分,"時給2,500円～3,000円",26日前,エン派遣
株式会社テクニカル・ネット,SE・PG／未経験歓迎／研修制度充実／完全土日休み,千葉県,月給23万円～55万円,公開していません,doda
株式会社エス・イー・シー・ハイテック,システムエンジニア 東証プライム上場企業グループ／直接取引多数／テレワーク率7割超／実働7.5h,千葉県 我孫子市,月給25万円～35万円,7日前,エン転職
株式会社セブン・ワイズ,正社員採用／エンジニアファースト／20代～30代活躍中,千葉県,月給25万円～45万円,公開していません,doda
三井不動産・柏の葉スマートシティ求人サイト,アプリケーション開発／株式会社Comine,千葉県 柏市 柏の葉キャンパス駅 徒歩2分,"時給1,000円",9日前,三井不動産・柏の葉スマートシティ求人サイト
テック航空サービス株式会社,保険代理店の保険事務,千葉県 習志野市,"月給21万5,150円～27万8,000円",9日前,Create 転職
株式会社イノベクトリー,インフラエンジニア,千葉県,年収350万円～600万円,公開していません,ワークポート
常磐システムエンジニアリング株式会社,システムエンジニア,千葉県 千葉市 海浜幕張駅,年収350万円～500万円,2日前,doda
株式会社クリエイト・マンパワーサービス,サーバ構築,千葉県 柏市 柏駅 徒歩7分,月給47万円～48万円,15日前,エン派遣
株式会社創源,サーバーエンジニア,千葉県 酒々井町 酒々井駅 徒歩1分,"月給25万3,000円～36万3,000円",18時間前,ちばキャリ
